0.000,0.000,0.000,0.000,0.000,0.000,0.000,0.000,0.000,0.000,0.000,0.000,0.000,0.000,0.000,0.000,0.000,0.000,0.000,0.000,0.000,0.000,0.000,0.000,0.000,0.000,0.000,0.000,0.000,0.000,0.000,0.000,0.000,0.000,0.000,0.000,0.000,0.000,0.000,0.000,0.000,0.000,0.000,0.000,0.000,0.000,0.000,0.000,0.000,0.000,0.000,0.000,0.000,0.000,0.000,0.000,0.000,0.000,0.000,0.000,0.000,0.000,0.000,0.000,
0.000,0.000,0.000,0.002,2.225,0.895,0.373,0.188,0.138,0.111,0.109,0.111,0.091,0.116,0.080,0.099,0.101,0.091,0.082,0.139,3.299,3.151,2.985,2.989,1.913,2.326,0.881,0.380,1.376,3.184,3.016,1.880,2.476,3.071,0.614,0.551,1.669,0.690,0.339,0.162,0.146,0.108,0.097,0.101,0.131,0.118,0.125,0.111,0.094,0.105,0.073,0.132,0.199,0.221,0.257,0.145,0.169,0.181,0.093,0.148,0.260,0.188,0.208,0.171,
1.072,0.601,1.225,0.978,0.514,0.883,0.885,0.883,0.529,0.921,0.911,0.528,0.649,0.625,0.892,0.655,1.091,0.793,0.496,0.720,2.017,2.811,2.892,2.798,1.276,2.479,0.595,0.611,0.386,0.580,0.453,0.549,0.621,0.610,0.441,0.494,1.555,0.856,0.642,0.892,0.481,0.684,0.473,0.699,0.666,0.514,0.746,0.634,0.699,0.508,0.617,0.604,0.462,0.364,0.473,0.462,0.566,0.602,0.548,0.632,0.555,0.589,0.615,0.447,
0.680,0.965,0.690,0.552,0.918,0.895,0.722,0.710,1.135,0.483,0.535,0.782,0.697,0.580,1.138,1.109,0.658,0.864,1.103,0.651,2.669,1.672,2.717,2.598,1.625,1.553,1.093,0.626,0.351,0.400,0.507,0.436,0.379,0.492,0.472,0.626,1.636,0.931,0.708,0.949,1.124,0.653,0.775,0.735,0.584,0.659,0.836,0.597,0.567,0.782,0.986,0.612,0.409,0.574,0.510,0.463,0.865,0.416,0.589,0.788,0.480,0.599,0.609,0.553,
0.848,0.433,0.776,0.717,0.719,0.904,1.047,0.647,0.736,0.619,0.545,0.795,1.025,0.732,0.830,0.735,1.019,1.020,0.653,0.803,1.329,2.849,2.154,1.278,1.718,2.527,0.812,0.320,0.649,0.472,0.283,0.364,0.479,0.398,0.493,0.577,1.535,1.104,0.957,0.711,0.755,0.680,0.880,0.725,0.548,0.956,0.528,0.493,0.924,0.717,0.799,0.721,0.485,0.388,0.618,0.596,0.453,0.613,0.666,0.504,0.518,0.521,0.374,0.505,
0.805,1.149,0.581,0.783,1.184,0.913,0.751,0.634,0.601,0.903,0.671,0.597,0.735,0.670,0.936,0.673,0.584,0.659,0.545,0.534,1.797,2.847,2.638,1.853,1.289,2.851,0.555,0.705,2.003,2.211,2.700,1.998,1.680,1.888,0.492,0.874,1.504,0.666,0.573,0.648,0.633,0.483,0.502,0.481,0.731,0.450,0.562,0.849,0.433,0.632,0.526,0.505,0.453,0.510,0.583,0.616,0.658,0.631,0.533,0.704,0.608,0.567,0.669,0.648,
1.092,0.800,0.896,0.781,0.673,1.083,0.766,0.602,0.571,0.523,0.724,0.656,0.631,0.701,0.654,0.796,0.739,0.603,0.712,0.572,2.075,2.667,2.526,2.550,1.333,2.060,0.689,0.714,0.433,0.638,0.469,0.597,0.551,0.536,0.513,0.456,1.591,1.295,0.813,0.766,0.733,0.406,0.674,0.778,0.535,0.944,0.395,0.809,0.435,0.695,0.528,0.646,0.497,0.413,0.515,0.529,0.451,0.475,0.481,0.433,0.482,0.324,0.510,0.391,
0.538,0.681,0.587,0.614,0.698,0.826,0.745,0.702,0.889,0.533,0.632,0.608,0.804,0.730,0.965,1.077,0.596,0.653,1.257,0.717,2.574,2.187,2.843,2.947,1.742,1.283,1.235,0.450,0.417,0.429,0.747,0.456,0.305,0.630,0.399,0.485,1.696,1.116,1.147,0.947,1.374,0.838,1.227,0.637,0.939,0.716,0.630,1.029,0.552,0.767,1.193,0.515,0.506,0.673,0.500,0.579,0.618,0.456,0.569,0.756,0.634,0.500,0.581,0.744,
0.757,0.725,0.981,0.842,1.024,0.688,0.995,0.510,0.628,0.521,0.531,0.893,0.603,0.850,0.822,0.457,1.139,0.836,0.532,0.628,1.594,2.041,2.828,2.344,1.549,2.058,1.327,0.429,0.572,0.441,0.559,0.493,0.528,0.393,0.464,0.508,1.342,1.029,0.954,0.777,1.159,0.603,0.824,0.858,0.495,0.857,0.858,0.561,1.126,0.911,0.738,0.656,0.574,0.534,0.717,0.455,0.379,0.647,0.991,0.542,0.470,0.684,0.382,0.588,
0.793,0.711,0.724,0.628,1.423,1.440,1.036,1.715,0.828,0.881,0.794,0.509,0.985,1.048,1.070,1.200,0.908,0.617,0.598,0.636,1.416,2.495,2.577,3.142,1.297,2.369,0.615,0.554,0.832,1.446,2.195,1.951,2.560,2.570,0.723,0.459,1.699,0.942,1.429,1.058,0.748,0.470,0.700,0.937,1.012,0.820,0.965,0.851,0.800,0.839,0.475,0.544,1.485,2.714,2.231,1.947,2.213,2.837,0.407,0.737,1.087,1.457,3.286,2.053,
1.289,1.131,0.574,0.708,0.645,0.932,0.838,0.659,0.851,0.446,0.761,0.668,0.911,0.874,0.683,0.890,0.697,0.689,0.836,0.714,2.319,2.214,3.123,3.316,1.361,1.812,0.739,0.505,0.417,0.596,0.477,0.655,0.674,0.641,0.400,0.626,1.730,1.021,0.861,0.631,0.832,0.701,0.717,0.705,0.671,0.685,0.596,0.788,0.679,0.575,0.720,0.574,0.633,0.498,0.593,0.511,0.595,0.643,0.517,0.546,0.647,0.339,0.746,0.403,
0.836,0.982,0.782,0.865,0.730,0.762,0.995,0.689,1.148,0.700,0.596,0.916,0.782,0.707,1.075,0.774,0.709,0.625,0.871,0.593,1.543,2.543,2.225,2.112,2.434,1.446,0.878,0.937,0.311,0.425,0.538,0.386,0.374,0.453,0.400,0.506,1.591,1.063,0.865,0.984,0.870,0.664,0.994,0.602,0.699,0.693,0.825,0.774,0.669,1.044,0.971,0.782,0.561,0.393,0.550,0.280,0.529,0.351,0.546,0.540,0.340,0.539,0.481,0.389,
0.700,0.795,1.268,0.889,1.249,0.975,0.872,0.887,0.933,0.665,0.706,0.908,0.480,0.703,0.679,0.714,0.691,0.718,0.429,0.486,1.856,1.901,2.296,2.205,1.300,2.069,0.977,0.400,0.480,0.552,0.488,0.440,0.593,0.438,0.459,0.565,1.733,0.896,0.908,0.866,1.001,0.586,0.854,0.676,0.738,1.020,0.670,0.613,1.211,0.567,0.870,1.051,0.552,0.659,0.643,0.568,0.466,0.812,0.751,0.650,0.576,0.604,0.483,0.562,
0.788,0.902,0.632,0.570,1.396,0.655,0.746,0.961,0.610,1.270,0.722,0.605,0.806,0.618,0.979,0.707,0.630,0.714,0.457,0.504,0.979,2.983,2.570,1.469,1.787,2.595,0.482,0.821,1.551,3.070,1.932,0.756,2.122,1.863,0.404,0.986,1.591,0.846,0.631,0.711,0.658,0.593,0.958,0.391,0.784,0.646,0.469,0.870,0.426,0.762,0.718,0.460,0.427,0.474,0.569,0.353,0.729,0.562,0.462,0.577,0.470,0.516,0.596,0.546,
1.079,1.101,0.798,0.772,0.599,0.974,1.032,0.634,0.585,0.801,0.629,0.650,0.617,0.747,0.952,0.783,0.746,0.603,0.778,0.806,3.002,2.558,2.426,3.167,1.783,1.960,0.879,0.448,0.488,0.534,0.551,0.540,0.496,0.540,0.398,0.548,1.212,0.875,0.945,0.689,0.701,0.523,0.726,0.758,0.471,0.854,0.436,0.934,0.481,0.677,0.752,0.570,0.601,0.528,0.502,0.711,0.460,0.749,0.542,0.719,0.604,0.410,0.758,0.505,
0.981,1.121,0.674,0.572,1.025,0.968,0.761,0.758,1.233,0.623,0.779,0.655,0.766,0.696,0.801,0.938,0.577,0.693,1.168,0.702,1.231,2.073,2.771,2.484,2.242,1.868,0.815,0.831,0.373,0.432,0.678,0.535,0.356,0.438,0.512,0.405,1.606,1.007,1.088,1.262,1.111,0.882,1.323,0.639,0.880,0.965,0.756,1.085,0.665,0.968,1.188,0.784,0.636,0.446,0.619,0.522,0.616,0.586,0.646,0.673,0.875,0.600,0.638,0.649,
0.665,0.806,0.721,0.773,0.731,0.665,0.893,0.689,0.826,0.703,0.623,0.917,0.731,0.936,1.026,0.998,0.986,0.997,0.497,0.852,1.638,1.982,2.463,2.910,1.417,1.552,1.517,0.384,0.652,0.473,0.484,0.547,0.397,0.524,0.477,0.435,1.586,0.922,1.077,0.777,1.272,0.836,0.832,0.776,0.682,0.790,1.166,0.705,0.963,0.994,0.683,0.744,0.676,0.431,0.415,0.575,0.360,0.605,0.507,0.442,0.541,0.488,0.387,0.647,
1.108,0.927,0.944,1.139,1.625,0.776,1.144,1.083,1.346,0.787,0.802,0.613,0.800,1.099,0.517,0.556,0.803,0.597,0.719,0.617,1.466,2.096,1.840,3.029,2.145,1.898,0.522,0.341,1.137,2.432,3.357,1.210,1.969,2.313,0.656,0.470,1.245,1.051,0.957,0.792,0.829,0.952,0.897,0.517,0.761,0.371,1.132,1.051,0.958,0.627,0.461,0.507,2.188,3.319,2.655,2.459,1.507,2.262,0.442,0.677,0.815,1.556,3.478,1.905,
0.923,0.738,0.626,1.104,0.598,0.662,0.808,0.475,0.496,0.493,0.778,0.771,0.975,0.822,0.483,0.667,0.564,0.829,0.566,0.772,1.806,2.099,2.801,3.356,1.297,2.244,0.731,0.532,0.384,0.413,0.479,0.422,0.803,0.845,0.675,0.621,1.904,2.470,2.358,2.377,0.798,1.971,0.421,0.639,0.466,0.479,0.640,0.668,0.994,0.746,0.689,0.697,0.412,0.268,0.291,0.297,0.230,0.254,0.231,0.293,0.211,0.309,0.280,0.328,
0.439,0.380,0.393,0.469,1.537,2.521,2.561,3.357,1.205,2.203,0.651,0.414,0.231,0.415,0.446,0.438,0.575,0.710,0.574,0.733,0.332,0.182,0.197,0.175,0.187,0.208,0.256,0.205,0.192,0.231,0.266,0.289,0.308,0.345,0.421,0.534,2.524,2.326,2.437,2.908,0.948,2.225,0.604,0.417,0.469,0.766,0.530,0.500,0.831,0.733,0.454,0.876,0.308,0.287,0.299,0.214,0.224,0.176,0.129,0.139,0.153,0.132,0.135,0.126,
0.526,0.756,0.647,0.366,0.474,0.373,0.621,0.315,0.245,0.366,0.389,0.237,0.433,0.373,0.331,0.407,0.310,0.433,0.384,0.308,1.995,3.962,3.354,2.066,0.788,1.698,0.839,0.419,0.391,0.361,0.427,0.374,0.411,0.447,0.510,0.416,2.296,2.790,2.715,2.498,0.995,0.845,1.010,0.631,0.358,0.353,0.685,0.613,0.505,0.926,0.503,0.472,0.341,0.254,0.242,0.173,0.225,0.174,0.246,0.211,0.236,0.228,0.246,0.257,
0.344,0.406,0.296,0.376,1.249,3.256,3.013,1.917,1.093,1.501,1.009,0.765,0.394,0.249,0.713,0.388,0.436,0.583,0.394,0.307,0.227,0.145,0.207,0.152,0.118,0.196,0.177,0.208,0.192,0.214,0.245,0.275,0.273,0.322,0.363,0.386,1.807,1.961,2.481,2.368,2.782,1.140,0.597,1.308,0.329,0.589,0.610,0.697,0.476,0.891,0.644,0.359,0.487,0.203,0.215,0.262,0.139,0.258,0.162,0.296,0.150,0.117,0.122,0.115,
0.572,0.695,0.887,0.729,0.839,0.539,0.574,0.447,0.338,0.464,0.373,0.369,0.455,0.394,0.414,0.427,0.390,0.365,0.440,0.439,1.531,2.996,2.846,1.996,1.583,2.834,1.192,0.659,0.647,0.735,0.743,0.773,0.565,0.384,0.540,0.557,1.825,2.085,2.722,1.746,1.060,2.108,1.459,0.391,0.684,0.792,0.589,0.688,0.540,0.527,0.770,0.698,0.509,0.347,0.447,0.459,0.318,0.399,0.408,0.472,0.403,0.478,0.516,0.496,
0.586,0.635,0.421,0.615,1.361,2.923,2.604,1.543,1.435,2.279,1.082,0.460,1.103,0.843,0.773,0.679,0.651,0.658,0.729,0.548,0.447,0.499,0.458,0.405,0.463,0.520,0.496,0.518,0.409,0.352,0.377,0.480,0.612,0.548,0.449,0.496,2.059,2.041,2.902,2.824,1.267,1.126,1.762,0.299,0.557,0.627,0.522,0.848,0.513,0.491,0.608,0.552,0.312,0.393,0.275,0.207,0.162,0.166,0.136,0.169,0.152,0.126,0.129,0.124,
0.623,0.794,0.778,0.485,0.571,0.285,0.367,0.269,0.269,0.335,0.387,0.330,0.344,0.270,0.387,0.287,0.210,0.343,0.350,0.406,2.103,2.119,2.305,3.030,1.559,2.180,0.485,0.971,0.258,0.391,0.343,0.504,0.604,0.586,0.529,0.700,2.200,1.972,1.915,1.493,0.870,1.835,0.364,0.702,0.375,0.583,0.494,0.730,0.490,0.577,0.704,0.511,0.352,0.231,0.220,0.177,0.176,0.303,0.275,0.219,0.254,0.238,0.262,0.285,
0.302,0.408,0.321,0.333,1.003,1.340,0.984,0.784,0.397,1.269,0.362,0.784,0.608,0.765,0.604,0.679,0.815,0.686,0.660,0.442,0.825,1.282,1.036,0.869,0.649,0.397,1.120,0.980,1.805,0.978,0.844,0.711,1.132,0.532,0.938,0.980,1.600,1.990,1.477,1.065,0.856,1.179,2.095,1.775,0.701,0.925,0.912,1.093,1.120,0.745,0.773,0.585,1.712,0.850,0.671,1.036,0.830,1.048,0.676,0.837,1.053,1.283,0.585,0.887,
0.979,1.431,0.701,0.866,0.649,1.212,0.936,0.529,0.538,0.501,0.709,0.788,0.984,0.910,0.591,0.770,0.627,0.616,0.595,0.780,1.327,2.437,2.574,1.852,0.947,2.099,0.517,0.730,0.476,0.458,0.804,0.550,0.851,0.769,0.593,0.843,1.296,1.178,0.717,0.478,0.601,0.968,0.785,0.620,0.702,0.685,1.013,0.797,0.941,0.993,0.578,0.829,0.451,0.372,0.591,0.551,0.499,0.734,0.643,0.542,0.458,0.468,0.751,0.505,
0.852,0.603,0.594,0.632,0.561,0.575,0.474,0.682,0.772,0.808,0.708,0.734,0.674,0.842,1.002,0.836,0.846,0.607,0.569,0.758,1.474,2.846,2.264,1.871,1.544,2.466,0.446,0.700,0.399,0.441,0.596,0.452,0.686,0.753,0.474,0.812,1.632,0.930,0.889,0.796,1.070,0.765,0.872,0.807,1.179,1.006,1.023,0.711,0.840,0.720,0.706,0.990,0.545,0.552,0.476,0.524,0.618,0.466,0.564,0.487,0.659,0.559,0.469,0.394,
0.534,1.183,0.821,0.556,1.156,0.698,1.008,0.707,0.827,0.531,0.708,0.842,0.564,0.627,1.032,0.686,0.647,0.926,0.609,0.690,0.848,2.345,2.656,1.753,1.265,1.875,0.845,0.834,0.466,0.345,0.608,0.727,0.595,0.574,0.592,0.735,1.369,1.183,1.045,1.016,1.004,0.785,0.687,0.797,0.859,0.514,0.991,0.832,0.558,1.012,0.775,0.639,0.505,0.540,0.462,0.390,0.497,0.442,0.428,0.668,0.612,0.584,0.712,0.501,
0.651,1.036,0.715,0.580,0.387,0.676,0.631,0.498,0.980,1.082,0.595,0.752,0.695,0.522,0.742,0.669,0.529,0.698,0.735,0.450,2.237,2.868,2.427,1.828,1.292,1.618,0.910,0.702,0.540,0.398,0.473,0.551,0.500,0.499,0.678,0.510,1.416,0.797,0.888,0.610,1.356,0.712,0.577,0.765,0.774,0.608,0.892,0.954,0.536,1.006,0.638,0.638,0.409,0.373,0.661,0.506,0.646,0.516,0.421,0.566,0.522,0.376,0.359,0.345,
0.949,0.807,0.976,1.030,1.157,0.761,1.201,0.683,0.726,0.722,0.727,0.722,0.935,0.711,0.805,0.911,0.882,0.643,0.701,0.776,1.469,1.664,3.062,1.905,1.057,1.973,1.101,0.831,1.020,0.978,0.872,0.951,0.747,0.589,0.915,0.829,1.464,0.970,0.738,0.905,0.791,1.100,0.735,0.795,0.978,0.991,0.893,0.907,0.804,0.837,1.051,0.823,0.624,0.558,0.683,0.712,0.744,0.691,0.651,0.731,0.761,0.908,0.770,1.018,
0.742,0.877,0.770,0.838,0.674,0.381,0.587,1.061,1.032,0.989,0.934,0.746,0.797,0.983,0.844,0.884,0.866,0.838,0.801,0.714,1.512,2.249,2.068,1.275,1.648,2.554,1.238,0.717,1.230,0.379,0.550,0.718,0.762,0.680,0.504,0.623,1.467,1.003,0.839,1.229,1.203,0.737,0.893,0.705,1.024,0.873,0.670,0.786,1.045,0.641,0.862,0.774,0.474,0.522,0.531,0.631,0.514,0.775,0.477,0.613,0.543,0.399,0.392,0.577,
0.855,1.077,1.023,0.728,0.965,0.810,0.750,0.812,0.738,0.882,0.825,0.805,0.843,0.913,0.939,0.852,0.736,0.948,0.952,0.690,1.623,1.590,2.332,1.600,1.144,1.640,0.669,1.350,0.635,1.070,0.708,1.016,0.851,0.849,0.807,0.916,1.418,0.850,0.598,0.767,1.111,1.042,0.993,0.621,0.907,1.035,0.882,0.929,0.694,0.796,0.801,0.702,0.583,0.517,0.628,0.774,0.645,0.702,0.570,0.652,0.724,0.767,0.724,0.603,
0.577,0.651,0.833,0.295,0.509,0.453,0.886,1.089,0.846,1.112,0.805,0.740,1.029,0.870,0.994,1.101,0.732,0.823,0.889,0.638,2.046,2.083,2.243,1.717,0.936,2.385,1.623,0.859,1.327,0.785,0.777,0.890,1.276,0.702,1.004,0.887,1.806,0.845,0.731,0.842,0.932,0.919,1.272,1.428,0.840,0.772,0.996,0.977,1.107,0.772,0.909,0.775,1.995,2.440,1.988,0.908,1.102,2.431,0.301,0.993,0.837,0.951,0.672,0.611,
0.858,0.494,0.697,0.595,0.581,1.198,0.712,0.924,0.635,0.789,0.646,0.673,0.752,0.668,0.972,0.901,0.910,0.429,0.700,1.045,1.640,1.754,3.297,3.068,1.138,1.734,0.589,0.626,0.795,0.861,0.827,0.798,1.301,0.836,0.769,0.876,2.196,2.007,2.759,1.836,0.686,1.809,0.618,1.017,0.529,0.636,1.054,0.625,0.526,0.758,0.810,0.450,0.670,0.241,0.393,0.594,0.898,0.827,0.968,0.449,0.523,0.487,0.783,0.485,
0.773,0.874,1.120,0.789,2.088,2.594,3.321,2.950,0.958,2.938,0.563,0.649,0.638,0.621,0.840,0.734,1.043,1.074,0.631,0.966,0.540,0.527,0.411,0.565,0.726,0.709,1.062,0.777,1.166,0.642,1.168,0.505,0.996,0.795,0.583,0.945,2.300,2.638,2.269,1.117,0.763,2.318,0.429,1.191,0.481,0.543,0.553,0.675,0.640,0.710,0.916,0.523,0.519,0.331,0.383,0.632,0.831,0.631,0.654,0.776,0.731,0.621,1.140,0.559,
0.576,0.490,0.665,0.445,0.372,0.879,0.604,0.386,0.872,0.624,0.678,1.059,0.907,0.629,0.847,0.893,1.014,0.815,0.740,0.872,2.724,1.821,2.614,1.414,1.306,2.440,0.655,0.404,0.914,0.785,0.804,0.924,0.558,0.410,0.809,0.439,2.001,2.508,2.900,2.445,1.220,1.447,1.332,0.812,0.471,0.407,0.750,0.820,0.682,0.911,0.719,0.585,0.500,0.225,0.501,1.025,0.863,1.170,0.704,0.583,0.845,0.936,1.186,0.802,
0.780,0.907,1.073,0.492,2.296,2.807,2.803,1.181,1.345,2.708,0.879,0.466,0.756,0.344,0.379,0.617,0.553,0.586,0.785,0.438,0.692,0.461,0.688,0.536,0.584,0.900,0.605,0.553,0.747,0.968,0.920,0.861,0.772,1.048,0.547,0.500,1.542,2.632,2.673,2.516,1.243,1.466,1.059,0.824,0.423,0.437,1.059,0.562,0.384,0.826,0.529,0.368,0.253,0.355,0.301,0.514,0.596,0.548,0.539,0.639,0.813,0.831,0.563,0.729,
0.767,0.611,0.812,0.545,0.730,0.672,0.446,0.754,0.605,0.881,0.706,0.567,0.742,0.719,0.460,0.602,0.463,0.423,0.546,0.448,2.208,2.256,2.324,0.989,2.232,1.469,0.303,1.006,0.425,0.699,0.454,0.550,0.701,0.691,0.981,0.473,1.866,2.071,1.604,1.104,1.877,2.113,0.428,0.821,0.927,0.487,0.497,0.702,0.640,0.719,0.670,0.314,0.438,0.305,0.439,1.117,0.927,0.893,0.692,0.514,0.734,0.839,0.664,0.874,
0.396,0.348,0.455,0.343,1.190,2.705,2.943,1.376,1.129,2.690,0.482,1.253,0.558,1.019,0.740,0.689,0.753,0.621,0.864,0.553,0.806,0.500,0.724,1.226,1.363,1.204,0.804,0.844,0.781,1.326,0.801,1.130,0.903,0.730,0.839,0.703,1.688,2.033,2.039,1.194,1.400,2.438,0.449,0.712,1.021,0.502,0.535,0.536,0.566,0.553,0.615,0.323,0.403,0.312,0.578,0.647,0.943,0.626,0.637,0.771,0.687,0.965,0.310,1.089,
0.657,0.917,0.680,0.525,0.912,0.596,0.617,0.912,0.766,0.381,1.001,0.797,0.485,0.576,0.743,0.466,0.446,0.705,0.524,0.490,1.164,3.177,3.547,3.029,1.323,2.455,0.933,0.607,0.542,0.362,0.906,0.952,0.409,0.759,0.598,0.351,1.867,2.699,3.081,1.710,2.587,1.451,0.170,1.261,0.788,0.459,0.726,0.680,0.606,0.415,0.644,0.819,0.358,0.566,0.744,0.438,0.999,0.845,0.293,0.709,0.397,0.396,1.064,0.951,
0.723,0.640,0.648,0.383,1.491,3.124,3.134,3.002,0.733,2.794,1.086,0.824,0.734,0.855,0.503,0.522,0.590,0.419,0.547,0.501,0.725,0.372,0.794,0.569,0.665,0.831,0.575,0.435,0.549,1.008,0.913,0.641,0.713,0.677,0.633,0.448,1.585,2.489,3.100,1.892,2.280,1.267,0.715,1.067,0.367,0.373,0.554,0.500,0.375,0.833,0.393,0.458,0.222,0.151,0.365,0.488,0.459,0.697,0.629,0.562,0.480,0.979,0.845,0.661,
0.964,0.744,0.615,0.609,0.689,0.922,0.905,0.942,0.579,0.534,0.751,0.928,0.834,0.636,0.743,0.497,0.592,0.638,0.770,0.929,1.536,1.755,3.252,2.537,0.961,2.301,0.657,0.978,0.932,0.845,0.893,1.134,1.528,0.906,0.731,0.667,1.718,2.011,2.373,1.228,0.690,2.253,0.624,1.337,0.556,0.594,0.881,0.965,0.871,0.789,0.954,0.551,0.574,0.292,0.484,0.831,0.840,0.651,0.655,0.510,0.797,0.473,0.947,0.784,
0.525,0.762,0.957,0.806,2.358,2.614,2.734,2.413,0.839,2.577,0.429,0.786,0.569,0.720,0.769,0.762,1.079,1.107,0.669,0.915,0.913,0.624,0.618,0.637,0.690,0.954,0.714,0.754,0.840,0.727,0.931,0.800,1.126,0.678,0.716,0.777,2.468,2.136,2.481,1.529,0.987,2.053,0.418,1.132,0.686,0.648,0.653,0.618,0.648,0.886,0.952,0.523,0.380,0.227,0.662,0.743,1.149,0.444,0.652,0.696,0.751,0.689,1.181,0.584,
0.696,0.626,0.701,0.585,0.691,0.805,1.107,0.794,0.780,0.528,0.619,0.699,0.887,0.509,0.659,0.419,0.646,0.718,0.782,0.695,1.984,2.260,2.872,1.227,1.817,2.608,0.818,0.657,0.865,1.028,0.786,0.626,0.663,0.784,0.724,0.476,1.326,3.089,2.404,1.836,1.307,1.847,1.354,1.036,0.730,0.543,1.158,0.642,0.576,1.208,0.757,0.574,0.368,0.273,0.635,0.927,1.004,0.975,0.666,0.763,0.962,0.586,0.611,0.630,
0.631,0.914,0.824,0.553,1.700,3.311,2.909,0.885,1.787,3.009,0.799,0.337,0.832,0.771,0.350,0.531,0.437,0.430,0.708,0.390,0.559,0.474,0.639,0.727,0.811,0.964,0.615,0.571,0.682,1.014,0.792,0.638,0.535,0.808,0.616,0.492,1.927,2.503,2.843,2.355,2.213,1.085,0.917,1.104,0.500,0.409,0.596,0.740,0.481,0.817,0.639,0.481,0.368,0.325,0.453,0.907,0.391,0.645,0.669,1.049,0.439,0.993,0.751,0.830,
0.579,0.626,0.803,0.559,1.053,0.520,0.719,1.023,0.399,0.796,0.863,0.467,0.688,0.426,0.511,0.513,0.384,0.497,0.507,0.506,1.414,2.094,2.824,0.903,2.156,1.721,0.371,1.084,0.468,0.903,0.530,0.544,0.626,0.687,0.830,0.513,2.108,1.790,1.672,0.936,1.442,2.255,0.621,0.781,1.046,0.642,0.463,0.703,0.502,0.703,0.577,0.522,0.504,0.382,0.473,0.841,1.168,0.718,0.796,0.502,0.704,1.029,0.506,0.873,
0.345,0.488,0.583,0.334,1.786,2.580,2.417,0.814,1.638,1.862,0.534,1.410,0.705,0.971,0.797,1.137,0.824,0.899,1.022,0.655,0.875,0.489,0.582,0.912,1.084,1.123,0.840,0.673,0.754,0.957,0.871,0.904,0.813,0.632,0.826,0.539,1.990,2.303,2.736,1.399,0.922,2.143,0.955,0.313,0.609,0.533,0.698,0.687,0.692,0.617,0.629,0.800,0.429,0.302,0.481,0.462,0.712,0.882,0.766,0.609,1.041,0.666,0.803,0.953,
0.545,0.880,0.513,0.521,0.731,0.489,0.583,0.645,0.997,0.430,0.513,0.960,0.479,0.572,0.615,0.555,0.430,0.593,0.471,0.314,1.709,2.069,3.961,3.428,1.168,1.451,0.899,0.659,0.366,0.382,0.982,0.968,0.438,0.770,0.537,0.460,1.685,1.271,2.483,2.248,2.375,2.490,0.365,0.570,0.841,0.878,0.937,1.350,0.979,0.519,0.448,0.653,0.377,0.630,0.757,0.372,0.751,0.918,0.315,0.911,0.528,0.522,1.001,0.863,
0.583,0.585,0.522,0.304,1.907,1.988,2.185,1.053,1.285,1.763,0.859,0.484,0.577,0.611,0.340,0.929,0.771,0.508,0.823,0.668,1.508,2.447,2.462,1.138,1.227,1.775,0.702,0.652,0.483,0.601,0.430,0.682,0.962,0.721,0.568,0.714,0.558,0.394,0.453,0.212,0.212,0.211,0.158,0.180,0.191,0.199,0.208,0.202,0.253,0.233,0.198,0.240,0.244,0.225,0.229,0.276,0.267,0.265,0.236,0.201,0.249,0.235,0.190,0.196,
0.711,0.638,0.642,0.657,0.633,0.932,1.089,0.647,0.658,0.695,0.597,0.549,0.667,0.636,0.981,0.600,0.734,0.529,0.607,0.676,1.590,2.306,3.178,2.779,1.013,2.152,0.645,0.687,0.658,0.590,0.470,0.820,0.535,0.719,0.635,0.945,1.636,0.940,0.639,0.572,0.633,0.623,0.507,0.779,0.565,0.637,0.634,0.685,0.630,0.734,0.828,0.624,0.652,0.486,0.551,0.538,0.690,0.721,0.415,0.600,0.765,0.686,0.719,0.689,
1.028,1.029,1.186,0.684,0.791,0.859,0.995,0.717,0.947,0.553,0.557,0.958,0.706,0.500,0.885,0.735,0.677,0.648,0.751,0.600,0.840,2.940,2.492,1.681,1.319,1.874,1.108,0.971,0.643,0.515,0.950,0.639,0.666,0.603,0.499,0.425,1.293,0.907,0.932,0.769,0.989,0.919,0.959,0.604,0.782,0.853,1.016,1.125,0.726,0.758,0.899,0.686,0.648,0.519,0.559,0.499,1.272,0.592,0.593,0.764,0.785,0.527,0.923,0.593,
0.777,0.991,0.834,0.563,0.682,0.851,0.736,0.553,1.003,0.656,0.666,0.754,0.656,0.607,0.934,0.781,0.788,0.713,0.657,0.739,1.425,2.198,2.668,0.860,1.449,2.464,0.509,1.001,0.846,0.443,0.704,0.793,0.688,0.558,0.819,0.557,1.211,0.707,0.723,0.853,0.879,0.566,0.813,0.716,0.480,0.932,0.814,0.704,0.882,1.002,0.571,0.834,0.504,0.503,0.555,0.478,0.617,0.746,0.413,0.519,0.612,0.856,0.810,0.593,
1.047,1.008,0.750,0.842,1.042,0.784,1.060,0.894,0.821,1.087,0.803,0.766,0.710,0.785,0.953,0.647,0.871,0.819,0.642,0.662,1.990,3.097,2.029,1.741,1.835,2.389,0.784,0.819,0.754,0.907,0.761,0.791,0.777,0.718,1.056,0.735,1.271,0.940,0.651,1.031,0.835,0.748,0.926,0.705,0.677,0.497,0.818,0.773,0.787,0.732,0.657,0.633,0.501,0.580,0.452,0.668,0.659,0.787,1.011,0.472,0.712,0.748,0.650,0.882,
0.858,0.711,0.734,0.632,0.537,0.664,0.746,0.789,0.574,0.852,0.678,0.684,0.646,0.643,0.756,0.477,0.888,0.652,0.579,0.975,1.309,2.076,2.370,2.120,1.518,2.013,0.433,0.552,0.489,0.578,0.519,0.545,0.596,0.814,0.532,0.732,1.558,1.320,0.740,0.836,0.661,0.621,0.617,0.668,0.569,0.529,0.611,0.746,0.755,0.782,0.666,0.698,0.452,0.451,0.510,0.529,0.680,0.552,0.638,0.530,0.822,0.737,0.772,0.703,
0.906,0.832,0.853,0.645,0.677,1.016,0.943,0.795,0.831,0.673,0.776,0.611,0.688,0.650,0.998,0.751,0.628,1.060,0.895,0.578,1.344,1.747,2.977,2.185,2.293,1.464,0.711,1.310,0.453,0.468,0.624,0.886,0.606,0.545,0.834,0.460,1.090,1.007,0.817,0.978,1.160,0.849,0.945,0.637,0.595,0.621,0.671,1.004,0.626,0.638,1.059,0.662,0.556,0.471,0.666,0.389,0.748,0.634,0.487,0.458,0.559,0.515,0.459,0.772,
0.785,0.876,0.879,0.462,0.740,0.730,0.792,0.660,0.908,0.527,0.813,0.665,0.693,0.764,0.605,0.622,0.625,0.518,0.645,0.708,1.129,1.706,2.843,1.441,1.341,2.005,0.712,0.973,0.825,0.484,0.613,0.736,0.439,0.603,0.637,0.471,1.297,1.156,0.959,0.954,0.835,0.869,0.907,0.651,0.725,0.719,0.780,0.757,0.864,0.889,0.829,0.556,0.548,0.643,0.519,0.698,0.741,0.652,0.688,0.861,0.485,0.740,1.071,0.558,
1.011,0.845,0.938,0.659,1.224,0.949,0.757,0.765,0.731,1.278,0.832,0.657,0.800,0.723,0.694,0.708,0.609,0.844,0.957,0.600,1.621,0.895,0.684,0.694,0.737,0.720,0.673,0.873,1.657,1.190,0.756,0.749,0.844,0.620,0.509,0.736,1.376,0.923,0.469,0.575,0.682,0.629,0.918,0.773,0.906,0.672,0.819,0.719,0.593,0.544,0.940,0.880,1.673,1.150,0.654,0.892,0.826,0.530,0.557,0.583,0.751,0.591,0.513,0.504,
0.675,0.528,0.661,0.469,0.641,0.697,0.729,0.881,0.510,0.621,0.803,0.892,0.632,0.557,0.794,0.687,0.608,0.566,0.885,0.826,1.716,2.177,2.822,3.242,1.910,1.667,0.843,0.481,0.519,0.644,0.618,0.584,0.635,0.722,0.539,0.709,1.405,0.980,0.535,0.634,0.536,0.637,0.548,0.843,0.650,0.457,0.788,0.715,0.746,0.595,0.645,0.553,0.384,0.464,0.430,0.588,0.739,0.564,0.791,0.388,0.822,0.519,0.494,0.597,
0.876,0.893,1.189,0.764,0.727,0.746,1.015,0.787,0.826,0.748,0.634,0.685,0.673,0.643,0.789,0.843,0.673,0.679,0.650,0.586,1.507,1.910,2.537,1.884,1.658,1.462,0.753,0.872,0.476,0.612,0.646,0.949,0.741,0.562,0.714,0.514,1.372,0.897,0.887,0.986,1.174,1.001,1.205,0.878,1.220,1.178,0.852,1.510,0.967,0.658,1.172,0.728,0.605,0.442,0.721,0.485,0.543,0.665,0.587,0.488,0.663,0.624,0.665,0.653,
0.723,0.573,0.778,0.602,0.729,0.629,0.584,0.546,0.863,0.591,0.590,0.638,0.640,0.492,0.953,0.704,0.671,0.690,0.704,0.581,1.706,2.052,3.151,2.327,1.348,1.799,0.864,0.767,0.948,0.572,0.658,0.749,0.601,0.520,0.736,0.607,1.536,0.798,0.762,1.040,0.943,0.623,0.988,0.888,0.640,0.897,0.907,0.551,1.000,0.997,0.643,0.810,0.479,0.462,0.497,0.620,0.621,0.908,0.378,0.520,0.850,0.669,0.735,0.733,
1.076,1.132,0.838,0.850,1.139,0.702,0.861,1.028,0.719,1.171,0.900,0.623,0.952,0.803,0.642,0.649,0.716,0.716,0.678,0.485,1.043,3.092,2.509,1.731,1.802,2.777,0.793,0.906,0.767,0.889,0.722,0.817,0.795,0.579,0.608,0.621,1.550,0.849,0.681,0.777,0.863,0.767,1.052,0.684,0.859,0.735,0.645,1.179,0.592,0.619,0.816,0.508,0.614,0.569,0.780,0.758,0.644,0.549,0.873,0.594,0.592,0.524,0.618,0.785,
1.380,0.774,1.141,0.881,0.753,0.827,0.827,0.845,0.526,0.826,0.798,1.004,0.856,0.748,1.126,0.711,0.721,0.747,0.698,0.597,1.458,2.332,2.901,2.530,1.657,1.988,0.532,0.539,0.486,0.596,0.581,0.570,0.731,0.854,0.632,0.741,1.474,1.611,0.868,0.615,0.737,0.457,0.727,0.555,0.633,0.557,0.479,0.922,0.641,0.799,0.631,0.980,0.423,0.527,0.476,0.623,0.612,0.522,0.605,0.453,0.699,0.771,0.517,0.553,
0.922,1.096,1.225,0.757,0.765,1.375,0.829,0.604,0.871,0.702,0.700,0.748,0.777,0.698,0.682,0.888,0.613,0.842,0.913,0.548,1.156,2.366,3.080,2.167,1.686,1.736,0.817,0.954,0.410,0.591,0.752,0.685,0.640,0.926,0.525,0.448,1.386,0.969,1.014,0.878,0.936,0.793,1.008,0.729,0.703,0.806,0.853,1.166,0.739,0.678,0.994,0.722,0.509,0.563,0.589,0.498,0.886,0.503,0.438,0.707,0.617,0.522,0.621,0.630,
0.742,0.778,1.259,0.736,1.100,0.857,1.055,0.578,1.178,0.617,0.847,0.745,0.711,0.675,0.878,0.771,0.767,0.757,0.647,0.846,1.546,1.623,2.396,1.245,1.354,2.156,0.816,1.044,0.503,0.643,0.572,0.545,0.551,0.565,0.548,0.619,1.463,0.813,0.609,0.933,0.904,0.934,0.725,0.617,0.614,0.735,1.057,0.477,0.626,1.234,0.471,0.683,0.699,0.409,0.612,0.545,0.528,0.643,0.760,0.680,0.681,1.050,0.861,0.755,
0.912,0.976,0.846,0.711,1.168,0.803,0.831,0.822,0.691,1.189,1.003,0.683,0.672,0.914,0.663,0.766,0.766,0.639,0.867,0.625,1.728,0.924,0.478,0.701,0.758,0.632,0.740,0.774,1.723,1.133,0.751,0.683,0.569,0.496,0.642,0.519,1.653,0.943,0.727,0.837,0.719,0.698,0.742,0.947,0.759,0.776,0.684,0.767,0.806,0.714,0.736,0.755,1.841,1.023,0.718,0.761,0.746,0.943,0.916,0.675,0.633,0.503,0.467,0.627,
0.929,0.688,0.695,0.746,0.701,0.583,0.834,1.024,0.509,0.724,0.764,0.901,0.749,0.781,1.105,0.694,0.782,0.604,0.930,0.771,1.078,2.651,2.507,1.511,1.299,2.519,0.457,0.837,0.396,0.798,0.495,0.764,0.680,0.876,0.576,0.616,1.151,0.964,0.547,0.986,0.744,0.649,0.686,0.824,0.955,0.693,0.854,1.036,0.816,0.845,0.981,0.888,0.602,0.865,0.680,0.684,0.470,0.549,0.483,0.508,0.646,0.545,0.633,0.592,
0.589,0.897,1.137,0.522,0.819,1.012,0.892,0.696,0.965,0.665,0.669,1.001,0.594,0.647,1.028,0.999,0.657,0.795,0.958,0.619,1.457,2.266,2.626,1.363,2.356,1.771,0.748,0.879,0.340,0.409,0.577,0.523,0.577,0.830,0.462,0.403,1.316,1.122,0.826,0.859,0.807,0.882,0.778,0.370,0.533,0.708,0.730,1.085,0.617,0.700,0.993,0.659,0.548,0.473,0.559,0.356,0.584,0.635,0.493,0.468,0.594,0.497,0.499,0.496,
0.641,0.614,0.898,0.530,0.869,0.677,0.885,0.776,0.795,0.750,0.758,0.638,0.762,0.698,1.028,0.972,0.844,1.018,0.639,0.598,1.867,2.605,2.379,2.185,1.495,1.838,0.898,0.378,0.768,0.762,0.338,0.485,0.574,0.412,0.560,0.436,1.547,0.984,0.954,0.801,1.057,0.587,0.827,0.721,0.700,0.752,0.920,0.534,1.000,1.073,0.868,0.869,0.383,0.557,0.734,0.748,0.801,0.690,0.526,0.666,0.856,0.462,0.763,0.579,
0.836,0.910,0.558,0.701,1.066,0.701,0.761,0.620,0.666,0.979,0.927,0.651,0.857,0.677,0.740,0.533,0.702,0.559,0.594,0.542,2.165,2.268,2.770,2.284,1.040,1.910,0.677,0.674,1.464,3.117,1.977,1.104,2.030,1.935,0.581,0.902,1.437,0.728,0.670,0.711,0.887,0.709,0.980,0.472,0.751,0.618,0.619,0.794,0.570,0.561,0.622,0.580,0.439,0.399,0.607,0.610,0.659,0.785,0.495,0.632,0.609,0.437,0.699,0.713,
0.971,0.692,0.634,0.621,0.616,0.866,0.899,0.663,0.623,0.805,0.591,0.746,0.693,0.651,0.671,0.550,0.763,0.511,0.648,0.841,2.554,2.405,2.583,3.142,2.020,1.507,0.991,0.458,0.397,0.459,0.524,0.523,0.499,0.730,0.418,0.752,1.449,0.952,0.545,0.871,0.515,0.720,0.490,0.704,0.724,0.580,1.053,0.720,0.968,0.628,0.965,0.488,0.465,0.516,0.464,0.510,0.473,0.596,0.687,0.424,0.722,0.613,0.859,0.567,
0.525,0.753,0.779,0.653,0.693,0.949,0.811,0.714,0.750,0.618,0.725,0.614,0.983,0.746,1.282,0.871,0.537,1.310,0.864,0.611,1.493,1.784,3.213,2.407,2.917,1.368,1.049,0.893,0.304,0.548,0.688,0.426,0.482,0.794,0.518,0.369,1.172,0.824,0.934,1.004,0.823,0.721,0.723,0.822,0.795,0.589,0.871,0.968,0.494,0.725,1.028,0.726,0.658,0.504,0.545,0.458,0.784,0.456,0.408,0.610,0.658,0.427,0.503,0.630,
0.578,0.516,0.946,0.564,0.683,1.108,0.775,0.668,0.984,0.532,0.679,0.804,0.939,0.657,0.679,0.838,0.937,0.828,0.624,0.753,1.042,2.385,2.961,1.607,2.388,2.803,0.504,0.820,0.604,0.469,0.392,0.542,0.458,0.492,0.461,0.469,1.253,0.907,0.666,0.969,1.054,0.755,1.066,0.629,0.426,0.952,1.089,0.523,0.867,0.914,0.783,0.818,0.512,0.413,0.587,0.531,0.744,0.599,0.558,0.845,0.562,0.449,0.781,0.506,
0.857,0.694,0.880,0.797,1.821,0.834,1.025,1.685,1.086,0.777,0.814,0.879,0.967,1.318,0.656,0.901,0.690,0.660,0.867,0.622,1.849,2.280,1.925,2.701,1.901,2.486,0.588,0.329,0.761,1.580,1.788,2.177,2.878,2.488,0.668,0.678,1.093,1.260,1.457,0.746,0.693,0.700,0.593,0.554,0.545,0.516,1.112,1.005,0.866,0.816,0.840,0.927,2.512,3.305,2.526,2.079,1.280,2.416,0.365,0.808,1.047,2.377,2.575,1.877,
1.203,0.799,0.872,0.704,0.670,0.791,0.828,0.752,0.781,0.865,0.681,0.574,0.727,0.748,0.915,0.673,0.926,0.696,0.512,0.463,1.497,2.347,2.945,2.680,1.246,2.129,0.557,0.543,0.304,0.473,0.449,0.457,0.507,0.741,0.454,0.677,1.300,1.022,0.821,0.505,0.778,0.568,0.618,0.539,0.720,0.716,0.640,1.083,0.747,0.786,0.639,0.588,0.668,0.496,0.449,0.516,0.447,0.528,0.699,0.394,0.707,0.461,0.685,0.441,
0.761,1.070,0.800,0.619,0.706,0.747,0.824,0.678,1.221,0.757,0.697,0.659,0.739,0.681,1.071,0.896,0.700,0.936,0.986,0.757,1.997,1.448,2.862,2.716,2.430,0.849,0.981,0.800,0.341,0.416,0.612,0.419,0.475,0.516,0.463,0.487,1.481,0.861,0.818,0.935,0.976,0.585,0.945,0.602,0.609,0.707,0.909,0.920,0.573,0.903,1.018,0.621,0.675,0.624,0.664,0.712,1.332,0.463,0.610,1.047,0.612,0.833,0.585,0.684,
0.703,0.910,0.947,0.815,0.835,0.855,0.894,0.889,0.954,0.612,0.972,0.719,0.785,1.058,0.611,0.999,1.216,0.738,0.551,0.805,1.540,3.025,2.953,1.625,1.670,2.376,0.691,0.452,0.909,0.567,0.507,0.555,0.508,0.420,0.577,0.520,1.266,0.898,0.670,0.898,0.814,0.669,0.861,0.729,0.715,1.060,0.902,0.509,1.264,0.951,0.802,0.851,0.677,0.639,0.408,1.003,0.807,0.637,0.878,0.888,0.426,0.642,0.974,0.418,
1.170,0.892,0.839,0.828,1.150,0.865,0.810,0.853,0.930,0.873,0.890,0.857,0.603,0.755,0.762,0.861,0.610,0.542,0.543,0.635,1.473,2.661,2.395,0.996,2.292,2.049,0.639,0.851,1.247,2.890,1.565,0.974,1.916,1.618,0.627,0.863,1.696,0.970,0.556,0.884,0.630,0.588,0.895,0.409,0.634,0.745,0.623,0.932,0.502,0.936,0.552,0.613,0.536,0.606,0.574,0.540,0.602,0.483,0.506,0.462,0.463,0.562,0.466,0.606,
1.192,0.742,1.189,0.910,0.566,0.885,0.624,0.676,0.664,1.010,0.850,0.750,0.730,0.734,0.626,0.545,0.660,0.614,0.550,0.673,1.440,2.471,3.011,1.749,1.947,1.986,0.655,0.555,0.471,0.336,0.515,0.505,0.472,0.449,0.550,0.614,1.432,1.407,0.616,0.814,0.808,0.658,0.643,0.770,0.884,0.793,0.876,0.674,0.600,0.912,0.783,0.678,0.585,0.575,0.710,0.522,0.597,0.721,0.507,0.523,0.570,0.492,0.642,0.565,
0.641,1.122,0.900,0.555,1.374,0.713,1.000,0.818,1.071,0.986,0.604,0.914,0.800,0.534,0.944,0.670,0.541,0.854,0.759,0.683,1.549,1.971,2.508,2.391,2.712,1.372,0.837,1.190,0.379,0.497,0.675,0.508,0.438,0.644,0.366,0.371,1.473,0.844,0.724,0.924,1.005,0.592,0.909,0.668,0.632,0.639,0.905,0.653,0.562,0.875,0.737,0.731,0.545,0.656,0.635,0.452,0.954,0.381,0.543,0.705,0.468,0.638,0.612,0.622,
1.012,0.953,1.007,0.849,1.185,0.962,1.010,0.982,0.918,0.833,0.858,0.943,0.730,0.881,0.793,0.772,0.945,0.707,0.509,0.704,1.381,1.962,2.817,2.297,1.631,2.640,1.027,0.598,0.719,0.359,0.471,0.597,0.380,0.570,0.474,0.357,1.437,0.972,0.686,0.791,0.836,0.924,0.708,0.538,0.626,0.725,0.515,0.604,0.590,0.758,0.694,0.835,0.372,0.573,0.886,0.511,0.611,0.933,0.495,0.656,1.074,0.538,0.800,0.852,
0.851,0.595,0.623,0.946,1.847,1.222,1.600,1.520,0.942,1.195,0.700,0.840,0.697,1.326,0.649,0.686,1.007,0.438,0.677,0.758,0.982,2.925,2.717,2.251,2.263,2.695,0.282,0.498,1.558,2.624,3.002,1.467,1.841,2.166,0.715,0.473,1.487,1.017,0.954,0.915,0.908,0.856,0.697,0.535,0.603,0.471,1.190,0.852,0.800,0.796,0.396,0.601,1.732,3.457,2.677,2.241,1.567,2.304,0.424,0.599,1.332,1.548,3.335,2.067,
0.693,0.636,0.673,0.527,0.447,0.955,0.737,0.667,0.698,0.532,0.774,0.435,0.736,0.611,0.729,0.714,0.611,0.869,0.508,0.808,1.548,2.680,3.010,1.801,1.161,2.250,0.556,0.651,0.494,0.495,0.523,0.834,0.594,0.941,0.739,0.686,1.030,2.218,2.104,2.394,1.646,2.408,0.557,0.743,0.483,0.672,0.691,0.521,0.620,0.756,0.685,0.834,0.406,0.286,0.314,0.220,0.231,0.237,0.231,0.254,0.281,0.284,0.312,0.265,
0.422,0.418,0.387,0.453,1.894,2.252,2.951,2.994,1.459,1.820,0.552,0.439,0.392,0.446,0.542,0.685,0.828,0.526,0.595,0.567,0.255,0.308,0.276,0.192,0.178,0.244,0.200,0.216,0.334,0.288,0.225,0.270,0.301,0.393,0.391,0.410,1.741,3.300,2.272,2.638,1.486,2.373,0.469,0.720,0.362,0.373,0.522,0.583,0.613,0.605,0.531,0.776,0.342,0.239,0.237,0.239,0.168,0.222,0.198,0.151,0.199,0.125,0.128,0.127,
0.575,0.767,0.667,0.467,0.447,0.336,0.629,0.379,0.345,0.337,0.278,0.248,0.369,0.330,0.316,0.456,0.307,0.412,0.382,0.298,2.443,2.491,3.255,3.473,1.005,1.083,0.942,0.542,0.257,0.264,0.434,0.407,0.418,0.591,0.395,0.412,2.382,2.618,2.817,2.580,1.636,0.902,0.739,0.648,0.326,0.312,0.715,0.571,0.400,1.033,0.523,0.475,0.474,0.228,0.229,0.243,0.189,0.334,0.253,0.217,0.245,0.201,0.249,0.267,
0.387,0.444,0.286,0.305,1.992,2.254,2.465,2.369,1.318,0.945,0.915,0.616,0.284,0.236,0.664,0.375,0.464,0.710,0.443,0.378,0.289,0.207,0.236,0.156,0.188,0.272,0.218,0.203,0.189,0.228,0.191,0.270,0.289,0.313,0.405,0.378,0.949,3.487,2.730,2.293,1.382,2.555,0.875,0.637,0.581,0.471,0.767,0.518,0.417,0.805,0.412,0.466,0.294,0.259,0.221,0.224,0.176,0.222,0.144,0.194,0.135,0.144,0.104,0.119,
0.844,0.549,0.879,1.005,0.739,0.640,0.592,0.386,0.395,0.428,0.402,0.429,0.515,0.475,0.403,0.369,0.405,0.412,0.429,0.411,1.547,2.752,2.760,1.274,1.873,2.918,0.716,0.825,0.729,0.778,0.799,0.641,0.501,0.478,0.680,0.606,1.542,2.225,2.527,1.108,1.424,2.365,0.923,0.733,0.782,0.842,0.549,0.669,0.523,0.574,0.733,0.756,0.588,0.469,0.375,0.505,0.333,0.297,0.342,0.334,0.485,0.515,0.524,0.519,
0.570,0.703,0.483,0.537,2.052,2.338,2.069,1.217,1.662,2.206,0.469,0.753,1.103,0.582,0.641,0.828,0.692,0.666,0.772,0.387,0.488,0.495,0.506,0.498,0.501,0.569,0.524,0.501,0.456,0.366,0.330,0.441,0.598,0.514,0.467,0.449,2.262,2.062,2.775,2.316,0.955,1.957,1.538,0.461,0.935,0.645,0.527,0.558,0.571,0.518,0.729,0.477,0.371,0.264,0.288,0.188,0.169,0.175,0.158,0.151,0.180,0.150,0.153,0.146,
0.585,1.071,0.902,0.541,0.503,0.310,0.297,0.312,0.279,0.305,0.330,0.259,0.312,0.310,0.375,0.274,0.348,0.362,0.292,0.493,1.674,2.886,2.920,1.695,1.038,2.225,0.294,0.867,0.411,0.327,0.366,0.335,0.513,0.374,0.536,0.510,1.596,2.710,2.470,1.341,1.101,2.278,0.330,0.976,0.389,0.514,0.591,0.752,0.823,0.561,0.718,0.528,0.521,0.295,0.231,0.215,0.186,0.207,0.188,0.222,0.256,0.301,0.271,0.291,
0.296,0.340,0.365,0.370,1.468,1.175,1.058,0.688,0.972,0.862,0.343,0.859,0.778,1.015,0.659,0.791,0.477,0.764,0.914,0.441,0.948,0.828,0.487,0.849,0.931,0.655,1.514,0.835,0.939,1.033,0.895,0.560,0.982,0.817,1.231,0.642,1.568,1.977,1.845,1.806,1.173,0.720,2.038,1.693,0.990,0.997,0.773,1.074,0.589,0.798,0.985,0.516,1.103,1.163,1.131,1.046,0.738,1.141,0.996,0.847,0.902,1.242,0.647,0.627,
0.878,0.646,0.567,0.798,0.570,0.720,0.839,0.659,0.782,0.458,0.584,0.717,0.629,0.642,0.768,0.777,0.494,0.775,0.684,0.736,1.631,3.215,2.836,1.925,0.830,2.109,0.475,0.716,0.506,0.590,0.714,0.460,0.711,0.603,0.731,0.748,1.504,1.387,0.970,1.065,1.032,1.182,0.981,0.525,0.814,0.803,1.152,0.786,1.185,0.818,0.721,0.971,0.419,0.495,0.455,0.404,0.619,0.664,0.659,0.478,0.452,0.563,0.672,0.485,
0.715,0.594,0.605,0.497,0.560,0.590,0.488,0.525,0.905,1.030,0.869,0.450,0.785,0.705,0.905,0.839,0.884,0.792,0.542,0.628,1.565,2.979,2.446,2.376,1.330,1.939,0.438,0.722,0.449,0.618,0.498,0.505,0.867,0.580,0.637,0.740,1.296,1.213,0.766,0.661,0.852,0.472,1.138,0.934,1.022,0.830,0.909,0.805,0.753,0.919,1.005,0.806,0.511,0.482,0.472,0.491,0.384,0.778,0.588,0.485,0.555,0.469,0.457,0.413,
0.661,1.285,0.882,0.606,0.909,0.684,0.804,0.898,0.683,0.477,0.698,0.883,0.562,0.576,1.254,0.637,0.515,0.884,0.797,0.556,1.331,1.903,2.726,2.187,1.498,1.351,0.627,0.841,0.541,0.428,0.647,0.731,0.538,0.591,0.488,0.646,1.493,0.959,0.864,0.758,0.985,0.820,0.491,0.795,0.904,0.637,0.887,0.744,0.676,1.091,0.662,0.562,0.520,0.457,0.623,0.458,0.707,0.719,0.683,0.802,0.363,0.542,0.585,0.787,
0.628,0.997,0.533,0.476,0.498,0.576,0.794,0.702,0.935,1.291,0.568,0.967,0.700,0.459,0.967,0.546,0.629,0.865,0.720,0.562,1.473,2.907,2.745,1.666,1.669,1.569,0.897,0.658,0.695,0.493,0.610,0.500,0.477,0.579,0.521,0.460,1.668,0.974,1.040,0.578,1.294,0.801,0.640,0.636,0.822,0.596,0.876,0.874,0.691,1.143,0.687,0.567,0.403,0.401,0.535,0.477,0.546,0.431,0.372,0.628,0.492,0.313,0.414,0.364,
1.059,0.769,1.027,1.174,0.953,0.776,1.078,0.632,0.820,0.727,0.797,0.687,0.982,0.639,0.702,0.724,0.811,0.633,0.677,0.649,1.449,1.923,2.592,1.437,1.510,2.273,0.925,1.081,0.753,0.831,0.909,0.704,0.697,0.521,0.695,0.890,1.571,0.878,0.949,0.881,0.782,0.879,0.817,0.613,0.921,0.769,0.677,0.796,0.815,0.792,0.983,0.954,0.752,0.658,0.569,0.722,0.568,0.760,0.619,0.594,1.068,0.767,0.791,0.596,
0.820,0.867,0.584,0.864,0.639,0.371,0.512,0.752,0.769,1.091,0.832,0.580,0.758,0.961,0.800,1.009,0.795,0.662,0.898,0.708,1.434,2.124,2.558,1.652,1.426,2.266,1.347,0.610,0.864,0.514,0.543,0.550,0.754,0.795,0.715,0.602,1.301,0.919,0.892,0.998,0.852,0.985,1.128,0.888,0.789,0.810,0.725,1.239,0.763,0.704,0.719,0.813,0.523,0.473,0.514,0.569,0.367,0.594,0.591,0.501,0.446,0.454,0.453,0.424,
1.002,1.043,1.093,0.820,1.269,0.908,0.963,1.033,0.605,1.158,0.853,0.674,0.735,0.667,0.830,0.666,0.597,0.717,0.589,0.630,1.952,1.584,2.732,2.249,1.535,1.336,0.771,1.238,0.693,0.819,0.819,0.891,0.943,0.770,1.013,0.743,1.573,0.839,0.735,1.249,1.199,0.844,0.746,0.770,0.922,0.970,0.745,0.890,0.743,0.831,0.881,0.901,0.798,0.685,0.579,0.827,0.625,0.885,0.749,0.801,0.627,0.884,0.835,0.728,
0.394,0.649,0.724,0.315,0.449,0.356,0.435,0.868,0.827,1.381,1.068,0.891,0.834,0.996,0.897,0.944,0.775,0.687,0.739,0.683,1.621,2.268,2.516,0.849,1.388,2.083,1.147,1.098,0.913,0.629,0.849,0.648,1.250,0.794,1.117,0.724,1.473,0.930,0.728,1.122,1.547,1.420,1.036,1.094,0.851,0.777,0.885,0.893,0.908,0.650,0.718,0.610,1.953,2.270,2.425,0.592,2.029,1.883,0.386,1.351,0.767,0.930,0.541,0.602,
1.237,0.552,0.606,0.716,0.637,1.139,0.555,0.869,0.641,0.761,0.730,0.534,0.569,0.448,0.811,0.917,0.617,0.478,0.555,0.914,1.754,1.909,2.574,2.862,0.907,2.475,0.631,0.664,0.773,0.844,1.070,0.695,1.249,0.862,0.789,1.129,1.696,2.910,2.365,0.772,1.695,2.294,0.481,1.271,0.664,0.740,0.883,0.753,0.830,1.007,0.892,0.613,0.574,0.418,0.760,0.714,1.085,1.051,0.986,0.724,0.648,0.668,0.648,0.583,
0.939,0.833,1.125,0.608,2.585,2.535,2.868,2.890,1.122,2.970,0.534,0.861,0.339,0.454,0.692,0.627,0.990,0.872,0.714,1.026,0.578,0.571,0.699,0.331,0.923,0.821,0.698,0.641,0.948,0.851,1.050,0.897,1.157,0.761,0.623,0.900,2.484,2.101,2.212,0.985,1.336,1.614,0.491,1.151,0.699,0.544,1.088,0.725,0.463,0.696,0.974,0.585,0.435,0.266,0.443,0.797,0.657,0.764,0.728,0.680,0.768,0.385,0.991,0.411,
0.531,0.445,0.703,0.468,0.382,0.595,0.785,0.455,0.961,0.677,0.840,0.728,0.493,0.470,0.790,0.652,0.762,0.568,0.515,0.781,1.739,2.102,2.922,1.126,1.801,2.720,1.025,0.499,0.955,1.271,1.162,0.919,0.577,0.872,0.778,0.569,1.397,1.860,2.754,2.236,3.518,1.242,1.015,1.480,0.520,0.537,0.560,0.694,0.531,0.795,0.734,0.414,0.427,0.371,0.770,0.698,0.886,0.887,0.832,0.588,0.466,1.033,0.811,0.867,
0.596,0.503,0.631,0.322,2.091,2.344,2.655,1.174,1.380,2.377,0.877,0.300,1.083,0.854,0.555,0.599,0.417,0.517,0.760,0.328,0.606,0.397,0.740,0.947,0.875,1.026,0.559,0.456,0.809,0.923,0.913,0.717,0.558,0.606,0.806,0.381,2.076,2.573,2.676,2.146,2.525,1.301,1.001,1.344,0.298,0.482,0.708,0.632,0.368,0.786,0.645,0.501,0.642,0.313,0.509,0.314,0.729,0.608,0.600,0.630,0.822,0.818,0.665,0.609,
0.624,0.709,0.711,0.503,0.937,0.640,0.629,0.984,0.395,0.871,0.906,0.448,0.698,0.456,0.550,0.496,0.387,0.496,0.503,0.566,1.400,1.942,2.936,0.904,1.970,1.798,0.324,0.931,0.564,1.071,0.509,0.673,0.786,0.586,1.018,0.376,2.010,2.222,2.070,0.885,1.214,2.379,0.916,0.613,0.790,0.511,0.406,0.523,0.507,0.641,0.651,0.480,0.408,0.430,0.517,0.810,0.948,0.785,0.752,0.618,0.661,0.874,0.590,0.817,
0.428,0.590,0.542,0.382,1.574,2.558,2.887,0.936,1.533,2.375,0.435,1.481,0.470,0.976,0.769,1.005,0.742,0.831,1.023,0.597,0.541,0.345,0.558,0.877,1.230,0.879,0.880,0.552,0.896,1.282,0.717,0.952,0.829,0.738,0.886,0.584,1.878,1.712,2.513,0.772,1.562,2.774,0.594,0.719,0.519,0.445,0.556,0.725,0.552,0.758,0.573,0.519,0.176,0.391,0.375,0.613,0.615,1.406,0.438,0.565,0.968,0.808,0.741,0.903,
0.675,1.008,0.697,0.429,1.109,0.502,0.892,0.417,1.123,0.356,0.507,0.747,0.507,0.685,0.679,0.607,0.405,0.553,0.498,0.328,1.441,1.946,4.041,2.851,2.139,1.375,0.707,1.362,0.302,0.423,0.590,0.957,0.466,0.664,0.855,0.352,1.925,1.517,2.467,2.219,2.595,2.788,0.326,0.641,1.066,0.747,0.788,0.991,1.165,0.820,0.319,0.682,0.346,0.418,0.675,0.488,0.877,0.857,0.273,0.675,0.348,0.368,0.572,1.216,
0.665,0.512,0.506,0.445,1.403,3.770,3.886,3.023,1.115,3.139,0.872,0.779,0.889,0.634,0.474,0.594,0.498,0.497,0.515,0.620,0.571,0.647,0.527,0.964,0.718,0.996,0.606,0.657,0.856,0.900,0.899,0.664,0.605,0.802,0.570,0.474,1.460,3.020,2.976,2.277,1.144,1.705,1.034,0.928,0.343,0.328,0.561,0.547,0.344,0.453,0.372,0.287,0.325,0.173,0.451,0.471,0.687,1.008,0.488,0.560,0.716,0.966,1.119,0.698,
0.869,0.683,0.769,0.652,0.548,1.283,0.865,0.829,0.806,0.848,0.670,0.673,0.636,0.607,1.014,0.795,0.930,0.642,0.686,1.044,1.764,1.776,2.369,2.487,0.886,2.560,0.609,0.808,0.718,0.697,0.819,0.762,1.145,1.108,0.633,0.999,1.668,2.445,2.477,1.135,1.054,2.464,0.539,0.944,0.445,0.429,0.729,0.835,1.002,0.484,0.906,0.515,0.480,0.292,0.476,0.566,1.015,0.493,0.738,0.628,0.915,0.820,0.897,0.508,
0.474,0.754,0.865,0.602,2.319,2.848,2.908,2.274,0.985,2.640,0.509,0.950,0.566,0.711,0.426,0.933,0.827,0.801,0.519,0.936,0.704,0.657,0.706,0.448,0.971,0.820,0.730,0.855,1.006,0.767,1.091,0.843,1.024,0.829,0.507,0.955,2.188,2.796,2.334,1.038,0.745,2.520,0.576,1.063,0.664,0.548,0.816,0.899,0.608,0.870,0.772,0.500,0.605,0.323,0.379,0.597,0.831,0.624,0.566,0.544,0.866,0.517,1.084,0.561,
0.635,0.612,0.479,0.533,0.570,0.761,0.726,0.729,0.842,0.441,0.615,0.686,0.828,0.618,0.544,0.472,0.819,0.582,0.638,0.838,2.344,2.378,2.561,1.663,1.576,2.402,1.484,0.541,0.818,0.806,0.605,0.787,0.821,0.819,0.619,0.391,1.723,2.126,2.607,1.816,2.601,1.317,0.856,1.201,0.647,0.463,0.482,0.735,0.547,0.859,0.951,0.659,0.403,0.325,0.687,0.866,0.733,0.822,1.038,0.666,0.673,0.940,0.873,1.016,
0.632,0.607,0.890,0.482,1.676,3.034,2.587,1.071,1.445,2.735,0.877,0.292,0.879,0.621,0.530,0.684,0.479,0.444,0.614,0.382,0.537,0.515,0.734,0.668,0.575,0.974,0.634,0.656,0.674,1.003,0.881,0.783,0.773,0.930,0.571,0.533,1.575,1.691,2.505,2.630,3.758,1.228,0.907,1.653,0.559,0.676,0.658,0.962,0.457,0.724,0.915,0.493,0.445,0.285,0.412,0.438,0.728,0.460,0.410,0.629,0.913,0.767,0.736,0.906,
0.999,0.593,0.798,0.488,1.042,0.992,0.497,0.857,0.523,0.763,0.692,0.470,0.870,0.982,0.612,0.658,0.392,0.437,0.544,0.470,2.764,1.834,2.655,2.498,0.937,1.793,0.522,0.715,0.730,1.014,0.442,0.828,1.101,0.609,0.869,0.600,1.843,1.983,1.892,1.025,1.070,2.161,1.215,0.629,0.622,0.654,0.556,0.488,0.599,0.553,0.813,0.453,0.369,0.335,0.385,0.887,0.865,0.853,0.617,0.577,0.747,0.787,0.703,0.783,
0.465,0.413,0.414,0.320,1.955,2.275,2.404,1.458,1.042,2.408,0.487,1.508,0.704,1.030,0.836,0.729,0.922,0.772,0.828,0.824,0.594,0.447,0.618,1.085,1.152,1.267,0.793,0.810,0.823,1.025,0.771,0.913,0.639,0.681,0.857,0.629,1.772,2.023,2.268,2.513,0.915,1.039,1.796,0.257,0.474,0.541,0.614,0.904,0.671,0.429,0.646,0.495,0.432,0.438,0.469,0.371,0.403,0.929,0.661,0.530,1.006,0.691,0.755,0.760,
0.445,0.787,0.801,0.463,1.119,0.590,0.602,0.384,0.877,0.432,0.433,0.660,0.489,0.652,0.559,0.573,0.615,0.716,0.661,0.453,1.783,2.514,3.904,3.014,0.884,1.700,0.955,0.548,0.468,0.563,1.002,0.820,0.521,0.720,0.430,0.404,2.005,2.416,2.874,2.095,2.623,1.311,0.301,0.817,0.747,0.488,0.735,1.450,0.593,0.577,0.580,0.558,0.321,0.546,0.611,0.555,1.185,0.850,0.296,0.575,0.355,0.289,0.634,1.264,
0.661,1.061,0.807,0.450,1.502,2.093,2.291,1.596,1.018,1.963,1.755,0.411,0.541,0.510,0.634,0.482,0.749,0.444,0.788,0.867,1.090,1.631,2.370,0.546,1.474,2.103,0.552,0.801,0.517,0.963,0.756,0.668,1.103,0.500,0.626,0.662,0.673,0.361,0.327,0.307,0.245,0.206,0.173,0.203,0.220,0.183,0.272,0.219,0.230,0.230,0.237,0.237,0.241,0.237,0.266,0.311,0.270,0.317,0.312,0.227,0.265,0.218,0.263,0.202,
0.592,0.732,0.607,0.904,0.487,0.799,0.814,0.633,0.430,0.709,0.731,0.674,0.608,0.482,0.584,0.673,0.505,0.646,0.736,1.343,1.641,2.465,3.043,2.523,0.992,2.594,0.543,0.668,0.738,0.610,0.547,0.919,0.694,0.872,0.856,0.767,1.317,0.790,0.654,0.488,0.744,0.610,0.579,0.825,0.640,0.577,0.752,0.598,0.785,0.563,0.642,0.663,0.448,0.371,0.370,0.664,0.641,0.601,0.528,0.704,0.565,0.635,0.682,0.552,
0.956,1.124,1.189,0.698,0.751,1.569,0.735,0.802,0.857,0.739,0.675,0.871,0.880,0.714,0.955,0.633,0.563,1.177,0.703,0.590,2.507,2.084,2.891,2.195,1.705,1.119,0.799,0.914,0.400,0.614,0.914,0.868,0.700,0.803,0.747,0.487,1.395,0.896,0.692,0.675,1.206,0.733,0.927,0.914,0.734,0.546,1.126,0.740,0.530,0.953,0.965,0.685,0.592,0.545,0.749,0.462,0.833,0.457,0.433,0.628,0.672,0.460,0.602,0.609,
1.013,0.527,0.867,0.801,0.732,0.591,0.667,0.877,0.701,0.462,0.727,0.527,0.500,0.628,0.716,0.555,0.760,0.696,0.479,0.671,1.558,1.928,2.921,2.198,0.843,1.621,1.168,0.576,0.594,0.539,0.585,0.561,0.445,0.431,0.675,0.650,1.568,1.071,1.185,0.926,1.009,0.816,0.890,0.688,0.893,0.888,0.996,0.818,0.848,1.104,0.747,0.787,0.736,0.480,0.543,0.733,0.455,0.675,0.603,0.517,0.791,0.799,0.851,0.731,
1.057,0.967,0.902,0.858,1.093,1.016,0.703,0.923,0.735,0.999,0.878,0.690,0.728,0.906,0.996,1.007,0.814,0.766,0.880,1.024,2.447,2.239,2.099,2.684,1.352,1.947,0.934,0.882,0.969,0.739,0.812,0.811,0.573,0.666,0.625,0.850,1.567,0.868,0.700,0.779,0.905,0.789,0.663,1.154,0.769,0.671,0.831,0.689,0.979,0.746,0.706,0.826,0.423,0.569,0.493,0.858,0.747,0.709,0.682,0.532,0.914,0.686,0.565,0.964,
0.748,0.880,0.546,0.945,0.690,0.941,1.005,0.732,0.656,0.506,0.838,0.675,0.873,0.857,0.864,0.793,0.654,0.867,0.671,0.586,1.703,2.662,2.712,2.317,1.732,1.674,0.584,0.517,0.638,0.655,0.610,0.756,0.744,0.606,0.599,0.722,1.239,0.865,0.498,0.894,0.664,0.466,0.710,0.471,0.753,0.413,0.722,0.689,0.724,0.793,0.604,0.677,0.431,0.395,0.479,0.565,0.811,0.477,0.725,0.479,0.590,0.717,0.665,0.616,
1.058,1.001,1.082,0.742,0.609,0.864,0.664,0.509,1.185,0.569,0.512,0.866,0.595,0.558,0.784,0.748,0.491,0.849,0.955,0.539,2.084,2.100,2.711,2.567,1.959,1.410,0.970,0.720,0.742,0.557,0.809,1.237,0.599,0.781,1.089,0.469,1.722,0.970,0.971,1.042,1.558,0.755,1.042,0.749,0.923,0.935,0.828,1.253,0.741,0.708,1.023,0.796,0.598,0.638,0.717,0.638,0.672,0.441,0.530,0.536,0.625,0.465,0.643,0.696,
0.841,0.592,0.869,0.727,0.903,0.661,0.737,0.458,0.985,0.542,0.572,0.849,0.830,0.588,0.808,0.730,0.740,0.487,0.716,0.642,1.836,1.462,2.694,1.894,1.194,1.912,1.320,0.744,0.605,0.600,0.600,0.604,0.404,0.588,0.627,0.519,1.438,1.236,0.990,0.883,0.955,1.025,0.827,0.968,0.973,0.852,0.897,0.918,1.054,0.887,0.632,0.844,0.570,0.451,0.500,0.728,0.518,0.635,0.711,0.464,0.497,1.121,1.036,0.722,
1.037,1.165,1.125,0.773,0.757,0.654,0.778,0.709,0.513,0.976,0.828,0.720,0.739,0.741,0.711,0.648,0.750,0.650,0.714,0.580,1.680,1.053,0.542,0.675,0.747,0.778,0.763,0.774,1.153,1.271,0.694,0.553,0.663,0.543,0.467,0.633,1.476,1.017,0.894,0.892,0.864,0.801,0.707,0.904,0.587,0.690,0.606,0.701,0.834,0.625,0.724,0.798,1.505,1.219,0.585,0.733,0.580,0.548,0.649,0.466,0.818,0.444,0.768,0.691,
0.760,0.712,0.625,0.886,0.687,0.631,0.690,0.648,0.873,0.580,1.354,0.778,0.780,0.655,0.701,0.690,0.543,0.974,0.738,0.918,1.488,1.889,2.773,2.782,1.733,2.032,0.732,0.549,0.650,0.549,0.606,0.716,1.045,0.894,0.753,0.829,1.357,0.863,0.932,1.060,0.768,0.706,0.691,0.559,0.661,0.571,0.703,0.721,0.691,0.556,0.447,0.654,0.438,0.390,0.400,0.693,0.568,0.594,0.539,0.632,0.864,1.037,0.641,0.659,
0.798,1.108,1.114,0.677,0.702,1.084,0.796,0.686,1.113,0.548,0.780,0.999,0.674,0.694,0.991,0.750,0.672,0.826,0.918,0.645,1.465,2.358,2.041,1.774,2.572,1.119,0.518,1.264,0.419,0.704,0.846,0.675,0.694,0.947,0.686,0.715,1.508,0.843,0.763,0.758,1.144,0.834,1.087,0.767,0.610,0.854,1.055,0.670,0.856,0.857,0.778,0.648,0.548,0.719,0.605,0.450,1.084,0.505,0.562,0.897,0.531,0.613,0.855,0.745,
0.764,0.530,0.627,0.676,0.790,0.509,0.672,0.632,0.649,0.508,0.527,0.521,0.575,0.562,0.794,0.656,0.631,0.685,0.576,0.510,1.013,1.621,2.940,2.031,1.144,1.841,1.396,0.593,0.650,0.606,0.738,0.478,0.490,0.636,0.524,0.665,1.995,0.901,0.834,0.750,0.847,0.575,0.746,0.639,1.114,0.655,0.935,0.923,0.835,0.644,0.821,0.790,0.495,0.447,0.541,0.670,0.510,0.632,0.675,0.427,0.564,1.256,0.713,0.816,
0.864,1.105,0.972,0.838,1.227,1.093,0.777,0.982,0.783,0.943,0.807,0.837,0.676,0.820,1.019,0.761,0.762,0.659,0.728,0.677,1.270,2.692,2.597,1.126,1.999,2.605,0.566,0.970,0.681,0.859,0.773,0.731,0.738,0.735,0.823,0.612,1.826,1.111,0.939,0.761,0.880,0.818,0.703,0.989,0.809,0.700,0.856,0.698,1.001,0.852,0.639,1.038,0.480,0.580,0.544,0.740,0.622,0.696,0.941,0.601,0.897,0.555,0.516,1.030,
0.650,0.701,0.578,0.709,0.617,0.751,0.760,0.919,0.812,0.484,0.826,0.791,0.638,0.666,0.734,0.994,0.536,0.709,0.629,0.725,1.128,2.476,2.776,1.979,1.509,2.151,0.639,0.680,0.440,0.835,0.572,0.848,0.598,0.827,0.689,0.586,1.262,1.024,0.575,0.773,0.867,0.565,0.696,0.844,0.736,0.605,0.818,0.705,0.816,0.751,0.737,0.664,0.465,0.416,0.425,0.684,0.641,0.715,0.570,0.537,0.578,0.718,0.664,0.657,
0.853,0.934,1.077,0.906,0.738,1.251,0.717,0.804,0.845,0.685,0.871,0.654,0.823,0.669,0.886,0.790,0.608,0.713,0.853,0.574,1.796,2.149,2.282,2.420,2.383,1.134,0.787,0.932,0.651,0.537,0.598,1.394,0.620,0.579,1.105,0.593,1.174,0.736,0.833,0.971,1.571,0.617,0.935,1.098,0.615,0.769,1.093,0.851,0.652,0.721,1.098,0.666,0.587,0.772,0.651,0.568,0.808,0.591,0.567,0.734,0.481,0.574,0.576,0.671,
0.931,0.721,0.754,0.926,0.682,0.639,0.801,0.689,0.681,0.711,0.541,0.514,0.514,0.500,0.717,0.669,0.604,0.808,0.504,0.722,1.291,1.942,3.066,2.356,1.775,1.420,1.504,0.612,0.531,0.572,0.605,0.500,0.503,0.628,0.578,0.662,1.331,1.066,0.871,0.916,1.063,0.735,0.866,0.914,0.741,0.926,1.125,0.904,0.944,1.050,0.687,0.915,0.663,0.439,0.578,0.640,0.453,0.728,0.515,0.624,0.611,0.866,0.857,0.837,
0.998,1.048,0.877,0.690,0.985,0.696,0.762,0.781,0.501,1.096,0.881,0.667,0.664,0.870,0.663,0.783,0.830,0.725,0.873,0.428,1.923,1.005,0.816,0.809,0.661,0.728,0.685,0.827,1.331,0.814,0.695,0.818,0.605,0.714,0.576,0.841,1.468,0.870,0.590,0.715,0.640,0.638,0.729,0.806,0.595,0.634,0.590,0.684,0.828,0.821,0.828,0.774,1.306,0.755,0.688,0.763,0.896,0.583,0.781,0.697,0.819,0.646,0.641,0.695,
0.773,1.044,0.891,1.503,0.644,0.537,0.639,0.541,0.892,0.534,1.221,0.901,0.824,0.579,0.660,1.039,0.699,0.976,0.903,0.720,1.865,2.123,2.100,2.864,1.247,2.710,0.978,0.646,0.425,0.558,0.501,0.688,0.592,1.252,0.460,0.698,1.322,1.052,0.855,0.890,0.651,0.692,0.904,0.644,0.664,0.844,0.766,1.359,0.770,1.079,0.512,0.642,0.684,0.517,0.527,0.630,0.578,0.610,0.659,0.538,0.594,0.578,0.647,0.586,
0.658,1.105,0.958,0.649,0.995,1.118,1.001,0.691,1.392,0.675,0.564,0.997,0.799,0.701,1.093,0.930,0.662,0.918,0.966,0.798,2.172,1.964,3.156,2.523,1.972,1.033,1.137,0.675,0.366,0.490,0.454,0.636,0.621,0.608,0.615,0.664,1.978,0.838,0.776,0.934,1.127,0.791,0.931,0.559,0.688,0.739,0.746,0.664,0.486,0.987,0.876,0.526,0.614,0.802,0.774,0.638,0.788,0.425,0.757,0.820,0.655,0.474,0.641,0.826,
0.700,0.579,0.855,0.866,0.858,0.774,0.823,0.621,0.880,0.694,0.587,0.799,0.806,0.626,1.065,0.758,1.001,0.970,0.578,0.537,1.331,2.468,2.654,2.131,1.640,2.318,1.060,0.446,0.581,0.461,0.538,0.506,0.397,0.565,0.529,0.438,1.495,1.113,0.938,0.655,0.717,0.588,0.846,0.754,0.698,0.851,0.919,0.782,1.065,0.875,0.815,0.870,0.559,0.596,0.793,0.473,0.473,0.915,0.581,0.497,0.766,0.559,0.422,0.642,
0.940,0.893,0.836,0.738,1.087,0.922,0.734,0.694,0.740,0.675,1.033,0.619,0.737,0.914,0.677,0.804,0.611,0.724,0.776,0.587,2.285,2.617,2.665,2.156,1.093,2.437,0.648,0.743,1.757,2.068,2.386,1.897,1.366,1.609,0.398,0.771,1.585,0.752,0.545,0.494,0.527,0.518,0.656,0.505,0.566,0.448,0.627,0.724,0.544,0.607,0.463,0.607,0.471,0.373,0.670,0.631,0.574,0.728,0.535,0.644,0.643,0.557,0.787,0.684,
0.827,0.905,0.755,0.768,0.664,0.887,0.894,0.719,0.679,0.501,0.813,0.770,0.856,0.766,0.778,1.119,0.436,0.858,0.712,0.999,2.528,2.390,2.671,2.976,2.232,1.990,1.036,0.472,0.490,0.578,0.567,0.579,0.544,0.717,0.459,0.599,1.349,0.739,0.732,0.742,0.575,0.635,0.742,0.614,0.716,0.876,0.549,0.844,0.536,0.777,0.544,0.823,0.443,0.414,0.487,0.677,0.570,0.576,0.557,0.368,0.589,0.358,0.530,0.545,
0.648,0.853,0.748,0.634,0.575,1.439,0.891,0.678,1.153,0.585,0.843,0.853,0.858,0.668,0.736,0.653,0.580,0.793,0.798,0.647,1.593,2.385,2.772,1.772,2.806,1.501,0.889,1.214,0.354,0.511,0.729,0.731,0.387,0.657,0.816,0.413,1.120,1.029,0.564,0.785,1.511,0.808,0.772,1.057,0.904,0.892,1.107,0.818,0.940,1.179,0.969,1.158,0.758,0.446,0.542,0.510,0.653,0.521,0.650,0.638,0.599,0.477,0.717,0.546,
0.698,0.561,0.837,0.697,0.566,0.830,1.002,0.709,0.630,0.564,0.425,1.096,0.745,1.097,0.704,0.850,0.799,1.057,0.715,0.850,1.484,1.790,2.622,2.914,1.631,2.301,1.499,0.431,0.475,0.556,0.538,0.365,0.555,0.368,0.350,0.595,1.385,1.031,1.341,1.094,0.983,1.038,0.826,0.674,0.722,0.743,0.773,0.974,0.851,0.682,0.899,0.709,0.442,0.595,0.602,0.497,0.697,0.693,0.662,0.704,0.829,0.682,0.613,0.639,
0.693,0.696,0.805,1.070,1.565,0.912,1.771,1.153,0.942,0.999,0.808,0.614,1.058,1.248,0.794,0.870,0.749,0.971,0.709,1.086,1.880,1.966,1.948,3.126,1.510,2.022,0.640,0.289,1.270,2.586,2.999,1.319,2.161,2.338,0.642,0.604,1.447,0.925,0.882,0.757,0.597,0.628,0.677,0.618,0.722,0.590,1.049,1.379,0.866,0.976,0.615,0.665,3.011,3.196,1.852,2.126,1.887,2.391,0.497,0.482,0.986,2.003,2.334,1.700,
0.931,0.961,0.847,1.036,0.674,0.918,1.010,1.022,0.938,0.685,0.801,0.872,0.913,0.961,0.699,1.073,0.629,0.845,0.691,0.755,1.392,2.735,2.609,1.899,1.401,2.522,0.637,0.667,0.396,0.583,0.549,0.624,0.581,0.807,0.488,0.589,1.314,0.835,0.682,0.663,0.747,0.694,0.827,0.854,0.951,0.680,0.865,0.632,0.879,0.749,0.862,0.719,0.598,0.527,0.552,0.633,0.553,0.607,0.549,0.436,0.595,0.366,0.609,0.408,
0.646,0.869,1.018,0.555,0.692,1.026,1.004,0.607,1.175,0.764,0.609,0.795,0.702,0.569,1.133,1.344,0.569,1.061,1.200,0.671,2.052,1.851,2.398,2.215,2.486,0.991,0.696,0.797,0.326,0.579,0.519,0.564,0.586,0.750,0.475,0.425,1.736,1.134,0.659,0.917,1.166,0.608,0.971,0.918,0.706,0.773,0.824,0.662,0.514,0.762,1.038,0.571,0.553,0.688,0.875,0.613,0.778,0.813,0.646,0.545,0.749,0.614,0.458,0.740,
0.908,0.912,1.124,0.903,1.024,1.028,1.106,0.879,0.904,0.831,0.788,0.997,0.878,0.680,0.779,0.761,0.760,0.739,0.516,0.607,1.974,2.532,2.188,2.641,1.600,2.318,1.082,0.436,0.420,0.743,0.598,0.436,0.607,0.309,0.391,0.634,1.274,1.114,1.358,0.786,1.128,0.991,0.754,0.650,0.985,0.688,1.093,0.893,0.934,0.864,1.006,0.780,0.520,0.609,0.538,0.694,0.963,0.695,0.676,0.740,0.657,0.695,0.717,0.661,
0.771,0.851,0.535,0.536,0.900,0.607,0.819,0.955,0.519,1.201,0.936,0.729,0.742,0.819,0.757,0.794,0.714,0.674,0.569,0.598,1.814,2.696,2.685,2.245,1.173,2.433,0.700,0.731,1.768,2.029,2.598,1.866,1.355,1.959,0.383,0.617,1.560,0.833,0.459,0.620,0.569,0.698,0.603,0.556,0.706,0.496,0.826,0.551,0.622,0.687,0.524,0.882,0.434,0.561,0.439,0.809,0.755,0.368,0.753,0.628,0.935,0.568,0.394,0.790,
1.036,1.008,0.843,0.937,0.897,0.963,0.949,0.816,0.727,0.941,0.754,0.985,0.822,0.913,0.891,0.992,0.606,0.620,0.790,0.748,2.200,2.391,2.041,2.432,1.753,2.241,0.911,0.512,0.465,0.575,0.584,0.615,0.525,0.548,0.526,0.560,1.406,1.064,0.975,0.896,0.585,0.718,0.564,0.522,1.004,0.625,0.754,0.819,0.591,0.732,0.519,0.778,0.548,0.516,0.509,0.541,0.749,0.532,0.532,0.468,0.552,0.451,0.651,0.523,
0.795,0.921,0.880,0.570,0.856,0.939,0.810,0.862,1.126,0.816,0.838,0.700,0.787,0.711,0.978,0.696,0.679,0.835,1.114,0.549,2.152,1.659,2.641,2.040,3.376,1.108,1.024,1.299,0.370,0.545,0.772,0.721,0.422,0.735,0.535,0.291,1.585,0.901,0.964,0.944,1.183,0.818,0.722,0.722,0.989,0.662,0.636,0.940,0.514,0.755,1.048,0.734,0.594,0.679,0.849,0.488,0.744,0.520,0.689,0.579,0.655,0.515,0.709,0.721,
0.741,0.759,0.908,0.702,0.795,0.708,1.027,0.899,1.012,0.768,0.752,1.127,0.678,0.955,0.994,1.033,0.904,1.011,0.557,0.806,1.666,2.134,2.932,3.235,1.624,1.814,1.411,0.599,0.752,0.555,0.525,0.773,0.523,0.433,0.738,0.540,1.642,1.201,1.016,1.174,1.250,0.653,0.878,0.804,0.669,0.811,0.980,0.632,1.002,1.030,0.708,0.805,0.580,0.577,0.625,0.538,0.435,0.530,0.699,0.464,0.426,0.550,0.517,0.430,
0.852,0.702,0.801,0.963,1.469,1.032,1.252,1.582,1.076,0.710,0.544,0.784,1.083,1.383,0.649,0.906,0.750,0.720,0.682,0.512,2.072,1.801,1.957,2.949,1.741,1.770,0.456,0.301,1.514,2.069,2.867,1.370,1.962,2.517,0.580,0.476,1.385,0.970,1.559,1.172,1.279,0.445,0.610,0.662,0.836,0.703,0.647,1.093,0.751,0.916,0.555,0.457,2.367,3.219,2.563,1.610,1.675,2.578,0.583,0.749,1.503,1.484,3.032,2.066,
0.900,0.623,0.681,0.570,0.583,0.725,0.680,0.591,0.679,0.492,0.868,0.742,0.798,0.782,0.658,0.630,0.665,0.561,0.692,0.653,0.583,0.587,0.750,0.453,0.649,0.530,0.603,0.649,0.835,0.660,0.493,0.574,0.517,0.541,0.494,0.801,0.480,0.580,0.606,0.534,0.644,0.923,0.915,0.525,0.739,0.666,0.510,0.640,0.879,0.916,0.728,0.811,0.865,0.525,0.651,0.805,0.532,0.617,0.575,0.572,0.441,0.440,0.522,0.321,
1.749,3.279,0.617,0.537,0.078,0.118,0.189,0.151,0.123,0.110,0.021,0.039,0.151,0.140,0.063,0.198,0.093,0.096,0.018,0.031,0.031,0.070,0.171,0.195,0.045,0.035,0.029,0.022,0.056,0.109,0.132,0.081,0.060,0.053,0.018,0.032,0.065,0.103,0.067,0.051,0.086,0.037,0.005,0.025,0.046,0.081,0.060,0.037,0.016,0.006,0.010,0.020,0.039,0.051,0.036,0.020,0.009,0.004,0.011,0.017,0.035,0.026,0.014,0.008,
0.000,0.000,0.000,0.000,0.000,0.000,0.000,0.000,0.000,0.000,0.000,0.000,0.000,0.000,0.000,0.000,0.000,0.000,0.000,0.000,0.000,0.000,0.000,0.000,0.000,0.000,0.000,0.000,0.000,0.000,0.000,0.000,0.000,0.000,0.000,0.000,0.000,0.000,0.000,0.000,0.000,0.000,0.000,0.000,0.000,0.000,0.000,0.000,0.000,0.000,0.000,0.000,0.000,0.000,0.000,0.000,0.000,0.000,0.000,0.000,0.000,0.000,0.000,0.000,
0.000,0.000,0.000,0.000,0.000,0.000,0.000,0.000,0.000,0.000,0.000,0.000,0.000,0.000,0.000,0.000,0.000,0.000,0.000,0.000,0.000,0.000,0.000,0.000,0.000,0.000,0.000,0.000,0.000,0.000,0.000,0.000,0.000,0.000,0.000,0.000,0.000,0.000,0.000,0.000,0.000,0.000,0.000,0.000,0.000,0.000,0.000,0.000,0.000,0.000,0.000,0.000,0.000,0.000,0.000,0.000,0.000,0.000,0.000,0.000,0.000,0.000,0.000,0.000,
0.000,0.000,0.000,0.000,0.000,0.000,0.000,0.000,0.000,0.000,0.000,0.000,0.000,0.000,0.000,0.000,0.000,0.000,0.000,0.000,0.000,0.000,0.000,0.000,0.000,0.000,0.000,0.000,0.000,0.000,0.000,0.000,0.000,0.000,0.000,0.000,0.000,0.000,0.000,0.000,0.000,0.000,0.000,0.000,0.000,0.000,0.000,0.000,0.000,0.000,0.000,0.000,0.000,0.000,0.000,0.000,0.000,0.000,0.000,0.000,0.000,0.000,0.000,0.000,
